constraint_name,constraint_limit,feature_set,model,n_kernels,actual_global_energy_saving_pct,actual_global_slowdown_pct,actual_global_time_ratio,actual_global_energy_ratio,pred_global_energy_saving_pct,pred_global_slowdown_pct,global_violates_constraint,global_violation_over_bound_pct,auto_total_time_ms,actual_selected_total_time_ms,pred_selected_total_time_ms,allowed_total_time_ms,auto_total_energy_mJ,actual_selected_total_energy_mJ,pred_selected_total_energy_mJ,auto_selection_rate_pct,measured_oracle_global_energy_saving_pct,measured_oracle_global_slowdown_pct,measured_oracle_global_time_ratio,measured_oracle_global_energy_ratio,global_oracle_gap_pp
0pct,1.0,ptx,random_forest,65,7.733603075499262,-0.11575623739169538,0.998842437626083,0.9226639692450074,6.747383354576564,-9.731458971984353e-08,False,0.0,3232.870959453132,3229.12870967074,3232.870956307077,3232.870959453132,568841.4193367946,524849.4818362506,530459.5080945267,4.615384615384616,13.398279152902717,-4.382457174934018e-07,0.9999999956175428,0.8660172084709729,5.664676077403454
0pct,1.0,ptx,extra_trees,65,8.136051273286515,0.42568433275376183,1.0042568433275376,0.9186394872671348,7.679691775291609,-6.888938197668892e-07,True,0.42568433275376183,3232.870959453133,3246.6327846256713,3232.8709371820846,3232.870959453133,568841.4193367946,522560.1897958623,525156.1516415348,0.0,13.398279152902717,-4.382457174934018e-07,0.9999999956175428,0.8660172084709729,5.262227879616201
0pct,1.0,ptx,xgboost,65,7.328553705420882,0.2868235414944076,1.002868235414944,0.9267144629457912,6.239146151531227,-9.003627177150975e-07,True,0.2868235414944076,3232.870959453132,3242.1435944309796,3232.870930345567,3232.870959453132,568841.4193367946,527153.5704220192,533350.5718139274,1.5384615384615385,13.398279152902717,-4.382457174934018e-07,0.9999999956175428,0.8660172084709729,6.069725447481835
0pct,1.0,launch,random_forest,65,7.307419456651331,-0.3421861696213613,0.9965781383037864,0.9269258054334867,4.730519545854007,-1.983218389511876e-06,False,0.0,3232.870959453132,3221.808522148178,3232.8708953382406,3232.870959453132,568841.4193367946,527273.7907826861,541932.2648101542,1.5384615384615385,13.398279152902717,-4.382457174934018e-07,0.9999999956175428,0.8660172084709729,6.0908596962513855
0pct,1.0,launch,extra_trees,65,7.329981659381557,-0.30192747179584867,0.9969807252820415,0.9267001834061844,4.585651976303751,-3.3040781222126725e-07,False,0.0,3232.870959453133,3223.110033898834,3232.8709487714746,3232.870959453133,568841.4193367946,527145.4476284418,542756.3315489426,0.0,13.398279152902717,-4.382457174934018e-07,0.9999999956175428,0.8660172084709729,6.068297493521159
0pct,1.0,launch,xgboost,65,7.5607350920684935,-0.17996445758814428,0.9982003554241186,0.9243926490793151,7.446867170084048,-3.518281888048591e-07,False,0.0,3232.870959453132,3227.0529407664276,3232.8709480789807,3232.870959453132,568841.4193367946,525832.8265267771,526480.5544303628,1.5384615384615385,13.398279152902717,-4.382457174934018e-07,0.9999999956175428,0.8660172084709729,5.837544060834223
0pct,1.0,runtime,random_forest,65,8.183226837377067,-0.07419233220749,0.9992580766779251,0.9181677316262293,8.16713991299942,-2.8121845963013925e-07,False,0.0,3232.870959453132,3230.472417091055,3232.870950361702,3232.870959453132,568841.4193367946,522291.83564750943,522383.3447364669,1.5384615384615385,13.398279152902717,-4.382457174934018e-07,0.9999999956175428,0.8660172084709729,5.21505231552565
0pct,1.0,runtime,extra_trees,65,9.315895299084865,-0.5890491877981519,0.9941095081220185,0.9068410470091514,9.009957338188734,-1.076112976505783e-06,False,0.0,3232.870959453133,3213.827759323912,3232.870924663789,3232.870959453133,568841.4193367946,515848.74829355057,517589.05013260216,0.0,13.398279152902717,-4.382457174934018e-07,0.9999999956175428,0.8660172084709729,4.082383853817852
0pct,1.0,runtime,xgboost,65,8.167332023243024,-0.08573151564947867,0.9991426848435052,0.9183266797675698,8.570800619369379,-2.56076260196636e-07,False,0.0,3232.870959453133,3230.099370180602,3232.870951174518,3232.870959453133,568841.4193367946,522382.2519338305,520087.1554450471,0.0,13.398279152902717,-4.382457174934018e-07,0.9999999956175428,0.8660172084709729,5.230947129659693
0pct,1.0,ptx_launch,random_forest,65,8.168743406471723,0.3253821930156331,1.0032538219301563,0.9183125659352828,7.123069286415163,-3.092605060928122e-07,True,0.3253821930156331,3232.870959453133,3243.3901458783666,3232.87094945514,3232.870959453133,568841.4193367946,522374.2234014401,528322.4509076073,0.0,13.398279152902717,-4.382457174934018e-07,0.9999999956175428,0.8660172084709729,5.229535746430994
0pct,1.0,ptx_launch,extra_trees,65,8.191669187373908,0.4561399248636411,1.0045613992486364,0.9180833081262609,7.645358795828749,-2.4577431201322497e-07,True,0.4561399248636411,3232.870959453133,3247.617374618521,3232.8709515075666,3232.870959453133,568841.4193367946,522243.81206396205,525351.4518492119,0.0,13.398279152902717,-4.382457174934018e-07,0.9999999956175428,0.8660172084709729,5.206609965528809
0pct,1.0,ptx_launch,xgboost,65,7.54129787143516,0.0265799729779026,1.000265799729779,0.9245870212856484,6.2299789967194314,-2.343303329155333e-09,True,0.0265799729779026,3232.870959453132,3233.7302556805653,3232.870959377376,3232.870959453132,568841.4193367946,525943.3934885074,533402.7183874716,1.5384615384615385,13.398279152902717,-4.382457174934018e-07,0.9999999956175428,0.8660172084709729,5.856981281467557
0pct,1.0,ptx_runtime,random_forest,65,7.98693451541026,-0.11954369717319668,0.998804563028268,0.9201306548458974,7.691093682198069,-6.454414780421303e-08,False,0.0,3232.870959453132,3229.006265983363,3232.870957366503,3232.870959453132,568841.4193367946,523408.4276778346,525091.2928724566,1.5384615384615385,13.398279152902717,-4.382457174934018e-07,0.9999999956175428,0.8660172084709729,5.411344637492457
0pct,1.0,ptx_runtime,extra_trees,65,8.447462139175133,-0.07730269123826794,0.9992269730876173,0.9155253786082487,8.212005234670961,-4.346169535374145e-07,False,0.0,3232.870959453133,3230.371863197215,3232.8709454025275,3232.870959453133,568841.4193367946,520788.75580637244,522128.13220388046,0.0,13.398279152902717,-4.382457174934018e-07,0.9999999956175428,0.8660172084709729,4.950817013727583
0pct,1.0,ptx_runtime,xgboost,65,10.423643129336357,-0.0759628523446465,0.9992403714765535,0.8957635687066364,9.735597037452436,-7.494368459148859e-08,False,0.0,3232.870959453133,3230.4151784597107,3232.8709570303004,3232.870959453133,568841.4193367946,509547.41981327545,513461.31096803927,0.0,13.398279152902717,-4.382457174934018e-07,0.9999999956175428,0.8660172084709729,2.97463602356636
0pct,1.0,launch_runtime,random_forest,65,8.18694650941949,-0.07151983581797916,0.9992848016418202,0.9181305349058051,8.232401152067482,-1.0475775802376575e-07,False,0.0,3232.870959453132,3230.558815450724,3232.870956066449,3232.870959453132,568841.4193367946,522270.67661226867,522012.11177787534,1.5384615384615385,13.398279152902717,-4.382457174934018e-07,0.9999999956175428,0.8660172084709729,5.211332643483226
0pct,1.0,launch_runtime,extra_trees,65,8.934147703392526,-0.6263210854046464,0.9937367891459535,0.9106585229660747,8.878929192454043,-4.380824702998609e-07,False,0.0,3232.870959453133,3212.622806970154,3232.870945290492,3232.870959453133,568841.4193367946,518020.286735171,518334.3924965301,0.0,13.398279152902717,-4.382457174934018e-07,0.9999999956175428,0.8660172084709729,4.464131449510191
0pct,1.0,launch_runtime,xgboost,65,7.912012270196744,-0.43705401008728995,0.9956294598991271,0.9208798772980326,8.202075360112172,-6.111844808032174e-07,False,0.0,3232.870959453133,3218.7415672838956,3232.8709396943273,3232.870959453133,568841.4193367946,523834.61644090613,522184.61744325905,0.0,13.398279152902717,-4.382457174934018e-07,0.9999999956175428,0.8660172084709729,5.486266882705973
0pct,1.0,ptx_launch_runtime,random_forest,65,8.004019046173472,-0.09774119353649358,0.9990225880646351,0.9199598095382653,7.802697133309843,-2.5229276445770665e-07,False,0.0,3232.870959453132,3229.711112791868,3232.8709512968326,3232.870959453132,568841.4193367946,523311.2437905541,524456.4462171235,1.5384615384615385,13.398279152902717,-4.382457174934018e-07,0.9999999956175428,0.8660172084709729,5.394260106729245
0pct,1.0,ptx_launch_runtime,extra_trees,65,8.44668510516754,-0.07608725439578468,0.9992391274560422,0.9155331489483246,8.364046830878513,-1.2206855526386562e-07,False,0.0,3232.870959453133,3230.4111567019263,3232.870955506814,3232.870959453133,568841.4193367946,520793.17589765,521263.2566300311,0.0,13.398279152902717,-4.382457174934018e-07,0.9999999956175428,0.8660172084709729,4.951594047735178
0pct,1.0,ptx_launch_runtime,xgboost,65,9.186754323484125,-0.6174962420897212,0.9938250375791028,0.9081324567651587,8.679438999892941,-1.3674451571077384e-07,False,0.0,3232.870959453133,3212.9081027669,3232.8709550323592,3232.870959453133,568841.4193367946,516583.3556521032,519469.1753393323,0.0,13.398279152902717,-4.382457174934018e-07,0.9999999956175428,0.8660172084709729,4.211524829418591
1pct,1.01,ptx,random_forest,65,10.986453083877446,0.990854592949697,1.009908545929497,0.8901354691612255,9.975162502859803,0.9999996450565041,False,0.0,3232.870959453132,3264.9040098390105,3265.199657572798,3265.1996690476635,568841.4193367948,506345.92367969523,512098.56337437534,3.076923076923077,16.375674514650907,0.9999989366967332,1.009999989366967,0.8362432548534909,5.3892214307734605
1pct,1.01,ptx,extra_trees,65,11.33487509043083,1.4877547112732925,1.014877547112733,0.8866512490956917,11.20220536822789,0.9999994265705192,True,0.4877547112732916,3232.870959453133,3280.968149461783,3265.1996505094294,3265.1996690476644,568841.4193367946,504363.9549923351,505118.6353231445,0.0,16.375674514650907,0.9999989366967332,1.009999989366967,0.8362432548534909,5.0407994242200775
1pct,1.01,ptx,xgboost,65,10.833955978410392,1.4922912608925643,1.0149229126089256,0.8916604402158961,10.041094198722455,0.9999990956020666,True,0.49229126089256336,3232.870959453132,3281.1148102569846,3265.1996398096453,3265.1996690476635,568841.4193367946,507213.3903788815,511723.5165798373,1.5384615384615385,16.375674514650907,0.9999989366967332,1.009999989366967,0.8362432548534909,5.541718536240515
1pct,1.01,launch,random_forest,65,10.656411425100554,0.791987623351198,1.007919876233512,0.8934358857489945,7.816851495117493,0.9999997189813259,False,0.0,3232.870959453133,3258.4748973309165,3265.199659962693,3265.1996690476644,568841.4193367946,508223.33733588434,524375.9303445189,0.0,16.375674514650907,0.9999989366967332,1.009999989366967,0.8362432548534909,5.719263089550353
1pct,1.01,launch,extra_trees,65,10.800084995739379,0.8695939339522063,1.008695939339522,0.8919991500426062,8.011286735286527,0.9999998614727668,False,0.0,3232.870959453133,3260.9838092090395,3265.1996645692575,3265.1996690476644,568841.4193367946,507406.06255745055,523269.9021646504,0.0,16.375674514650907,0.9999989366967332,1.009999989366967,0.8362432548534909,5.575589518911528
1pct,1.01,launch,xgboost,65,14.310811835689496,1.9444065234731411,1.0194440652347314,0.856891881643105,11.230985222152178,0.9999995904064862,True,0.9444065234731402,3232.870959453132,3295.7311132842074,3265.199655806033,3265.1996690476635,568841.4193367946,487435.5941720405,504954.92359359853,1.5384615384615385,16.375674514650907,0.9999989366967332,1.009999989366967,0.8362432548534909,2.0648626789614113
1pct,1.01,runtime,random_forest,65,11.096172029987683,0.9559640683679538,1.0095596406836795,0.8890382797001232,11.018538565178249,0.9999999993923536,False,0.0,3232.870959453132,3263.7760442022063,3265.199669028019,3265.1996690476635,568841.4193367946,505721.7968693603,506163.4081724626,1.5384615384615385,16.375674514650907,0.9999989366967332,1.009999989366967,0.8362432548534909,5.279502484663224
1pct,1.01,runtime,extra_trees,65,11.863208876592314,0.3948198313092899,1.003948198313093,0.8813679112340769,12.112558163231203,0.9999992330274043,False,0.0,3232.870959453132,3245.634975121692,3265.1996442524287,3265.1996690476635,568841.4193367948,501358.5735842984,499940.1715630756,6.153846153846154,16.375674514650907,0.9999989366967332,1.009999989366967,0.8362432548534909,4.512465638058593
1pct,1.01,runtime,xgboost,65,11.56782693060352,0.9898242597672136,1.0098982425976721,0.8843217306939648,11.762705428841603,0.9999977495418255,False,0.0,3232.870959453133,3264.870700496769,3265.199596293255,3265.1996690476644,568841.4193367946,503038.8284383256,501930.27882296586,0.0,16.375674514650907,0.9999989366967332,1.009999989366967,0.8362432548534909,4.807847584047387
1pct,1.01,ptx_launch,random_forest,65,11.244173524483037,1.4108988984503856,1.0141089889845039,0.8875582647551696,10.236951264407136,0.9999998941296662,True,0.41089889845038474,3232.870959453132,3278.4835002083782,3265.1996656250117,3265.1996690476635,568841.4193367946,504879.9030674333,510609.4004675252,1.5384615384615385,16.375674514650907,0.9999989366967332,1.009999989366967,0.8362432548534909,5.13150099016787
1pct,1.01,ptx_launch,extra_trees,65,11.30883817030689,1.5635042573970415,1.0156350425739704,0.8869116182969311,11.278522548637094,1.0000000119974262,True,0.5635042573970406,3232.870959453133,3283.417034540335,3265.1996694355257,3265.1996690476644,568841.4193367946,504512.06377831975,504684.511590907,0.0,16.375674514650907,0.9999989366967332,1.009999989366967,0.8362432548534909,5.066836344344017
1pct,1.01,ptx_launch,xgboost,65,11.033166869469568,0.9734847526942536,1.0097348475269425,0.8896683313053043,10.870271582948032,0.999998822088144,False,0.0,3232.870959453133,3264.34246531769,3265.199630967294,3265.1996690476644,568841.4193367948,506080.1963187071,507006.8121785889,1.5384615384615385,16.375674514650907,0.9999989366967332,1.009999989366967,0.8362432548534909,5.342507645181339
1pct,1.01,ptx_runtime,random_forest,65,11.037931271703105,0.9533905396277076,1.009533905396277,0.889620687282969,10.722308414814696,0.9999991821734167,False,0.0,3232.870959453132,3263.6928453389296,3265.199642608385,3265.1996690476635,568841.4193367948,506053.0944254189,507848.48796429427,3.076923076923077,16.375674514650907,0.9999989366967332,1.009999989366967,0.8362432548534909,5.337743242947802
1pct,1.01,ptx_runtime,extra_trees,65,11.37941553529197,1.031759692857137,1.0103175969285714,0.8862058446470803,11.616700598121543,0.9999995418617846,True,0.0317596928571362,3232.870959453133,3266.2264189348543,3265.199654236647,3265.1996690476644,568841.4193367946,504110.5904936081,502760.81477433414,0.0,16.375674514650907,0.9999989366967332,1.009999989366967,0.8362432548534909,4.996258979358936
1pct,1.01,ptx_runtime,xgboost,65,13.63626193998828,1.0791828076730958,1.010791828076731,0.8636373806001172,13.07392009036673,0.999999627915571,True,0.07918280767309493,3232.870959453133,3267.7595470418073,3265.1996570186548,3265.1996690476644,568841.4193367946,491272.71337288216,494471.5467317942,0.0,16.375674514650907,0.9999989366967332,1.009999989366967,0.8362432548534909,2.7394125746626266
1pct,1.01,launch_runtime,random_forest,65,11.100846978348521,0.9800883845414665,1.0098008838454147,0.8889915302165148,11.011741542155939,0.9999993184958145,False,0.0,3232.870959453132,3264.5559522139465,3265.1996470155127,3265.1996690476635,568841.4193367946,505695.2038267512,506202.07245469536,1.5384615384615385,16.375674514650907,0.9999989366967332,1.009999989366967,0.8362432548534909,5.274827536302386
1pct,1.01,launch_runtime,extra_trees,65,11.573865696292152,0.3817236369628274,1.0038172363696283,0.8842613430370785,11.857105392283652,0.9999996040084724,False,0.0,3232.8709594531324,3245.211592057872,3265.199656245769,3265.199669047664,568841.4193367948,503004.4774378721,501393.2927310688,9.230769230769232,16.375674514650907,0.9999989366967332,1.009999989366967,0.8362432548534909,4.801808818358754
1pct,1.01,launch_runtime,xgboost,65,11.199583660774081,0.9495538079950849,1.0094955380799508,0.8880041633922592,11.579600773288734,0.9999997199162447,False,0.0,3232.870959453133,3263.5688087561875,3265.199659992918,3265.1996690476644,568841.4193367946,505133.54868103564,502971.85394448455,0.0,16.375674514650907,0.9999989366967332,1.009999989366967,0.8362432548534909,5.1760908538768255
1pct,1.01,ptx_launch_runtime,random_forest,65,11.06719448769936,0.9634296124138686,1.0096342961241387,0.8893280551230064,10.769938690369274,0.9999999226234291,False,0.0,3232.870959453132,3264.0173956076314,3265.1996665461784,3265.1996690476635,568841.4193367946,505886.6331322021,507577.5472287955,1.5384615384615385,16.375674514650907,0.9999989366967332,1.009999989366967,0.8362432548534909,5.308480026951546
1pct,1.01,ptx_launch_runtime,extra_trees,65,11.434355436691446,0.9543827064935728,1.0095438270649357,0.8856564456330855,11.79175219420172,0.999999849072819,False,0.0,3232.870959453133,3263.7249208134062,3265.199664168383,3265.1996690476644,568841.4193367946,503798.06957870506,501765.04879061994,0.0,16.375674514650907,0.9999989366967332,1.009999989366967,0.8362432548534909,4.941319077959461
1pct,1.01,ptx_launch_runtime,xgboost,65,12.550458027498056,0.4823889532986181,1.0048238895329862,0.8744954197250194,12.286789982210255,0.9999989770324458,False,0.0,3232.870959453133,3248.465971835934,3265.199635976443,3265.1996690476644,568841.4193367946,497449.21575990604,498949.0688110587,0.0,16.375674514650907,0.9999989366967332,1.009999989366967,0.8362432548534909,3.8252164871528507
2pct,1.02,ptx,random_forest,65,14.111736088629911,2.0882247646730523,1.0208822476467305,0.8588826391137009,13.112093591999907,1.999999926391216,True,0.08822476467305052,3232.870959453132,3300.380571438355,3297.5283762625177,3297.5283786421946,568841.4193367946,488568.0194771696,494254.4000432935,1.5384615384615385,19.17800556490168,1.999337919790567,1.0199933791979057,0.8082199443509832,5.066269476271771
2pct,1.02,ptx,extra_trees,65,14.44628345561949,2.6219635863005353,1.0262196358630054,0.8555371654438051,14.260970060448075,1.99999988719195,True,0.6219635863005335,3232.870959453133,3317.635658802079,3297.528374995257,3297.5283786421955,568841.4193367946,486664.9754864322,487719.11483374645,0.0,19.17800556490168,1.999337919790567,1.0199933791979057,0.8082199443509832,4.731722109282192
2pct,1.02,ptx,xgboost,65,14.03465018928377,2.711111748715922,1.0271111174871592,0.8596534981071623,13.395761589654786,1.9831989253417115,True,0.7111117487159202,3232.870959453132,3320.5177038556913,3296.9852215786905,3297.5283786421946,568841.4193367946,489006.5160011187,492640.77897922916,1.5384615384615385,19.17800556490168,1.999337919790567,1.0199933791979057,0.8082199443509832,5.143355375617912
2pct,1.02,launch,random_forest,65,14.057159973184142,1.8706844917999232,1.0187068449179992,0.8594284002681586,10.840476074233528,1.9999997630396615,False,0.0,3232.870959453133,3293.3477751315263,3297.5283709815735,3297.5283786421955,568841.4193367946,488878.4710268902,507176.301373259,0.0,19.17800556490168,1.999337919790567,1.0199933791979057,0.8082199443509832,5.12084559171754
2pct,1.02,launch,extra_trees,65,14.292077145131387,2.029019407278776,1.0202901940727878,0.8570792285486861,11.313306558237112,1.9999989327600165,True,0.029019407278774167,3232.870959453133,3298.4665386327165,3297.528344139704,3297.5283786421955,568841.4193367946,487542.16485171963,504486.64573699597,0.0,19.17800556490168,1.999337919790567,1.0199933791979057,0.8082199443509832,4.885928419770295
2pct,1.02,launch,xgboost,65,15.27839337317779,3.2446479237571824,1.0324464792375718,0.8472160662682221,12.46739767889029,1.8826683383515785,True,1.2446479237571806,3232.870959453133,3337.766239916778,3293.7351974265202,3297.5283786421955,568841.4193367946,481931.58962095133,497921.6974258325,0.0,19.17800556490168,1.999337919790567,1.0199933791979057,0.8082199443509832,3.8996121917238913
2pct,1.02,runtime,random_forest,65,13.909765318408784,2.018061188876552,1.0201806118887655,0.8609023468159122,13.686015584645062,1.9999996456972369,True,0.018061188876550283,3232.870959453132,3298.1122735723166,3297.5283671880434,3297.5283786421946,568841.4193367946,489716.9128731409,490989.69403444475,1.5384615384615385,19.17800556490168,1.999337919790567,1.0199933791979057,0.8082199443509832,5.268240246492898
2pct,1.02,runtime,extra_trees,65,14.401853266337882,2.0517545692903427,1.0205175456929034,0.8559814673366212,14.766411282928726,1.9999995582106855,True,0.051754569290340946,3232.870959453133,3299.201537082973,3297.528364359717,3297.5283786421955,568841.4193367946,486917.7128057557,484843.9558098743,0.0,19.17800556490168,1.999337919790567,1.0199933791979057,0.8082199443509832,4.776152298563799
2pct,1.02,runtime,xgboost,65,14.739607436851188,2.1222190491046344,1.0212221904910463,0.8526039256314881,14.957594834306033,1.9999953846474128,True,0.12221904910463266,3232.870959453133,3301.479562787619,3297.5282294338017,3297.5283786421955,568841.4193367946,484996.4271883386,483756.42458268115,0.0,19.17800556490168,1.999337919790567,1.0199933791979057,0.8082199443509832,4.438398128050494
2pct,1.02,ptx_launch,random_forest,65,14.381327996678216,2.497025187391655,1.0249702518739165,0.8561867200332178,13.295561684781653,1.9999998718993828,True,0.49702518739165313,3232.870959453132,3313.5965615865466,3297.528374500867,3297.5283786421946,568841.4193367946,487034.4690410105,493210.7575402836,1.5384615384615385,19.17800556490168,1.999337919790567,1.0199933791979057,0.8082199443509832,4.7966775682234655
2pct,1.02,ptx_launch,extra_trees,65,14.503580691653116,2.503678443736801,1.025036784437368,0.8549641930834688,14.340546819650346,1.9999986497473587,True,0.5036784437367992,3232.870959453133,3313.8116527787884,3297.52833499027,3297.5283786421955,568841.4193367946,486339.04507573775,487266.44926723803,0.0,19.17800556490168,1.999337919790567,1.0199933791979057,0.8082199443509832,4.674424873248565
2pct,1.02,ptx_launch,xgboost,65,14.340339737289742,2.2331310555304906,1.022331310555305,0.8565966026271026,14.943016934034937,1.9999987940118036,True,0.23313105553048885,3232.870959453132,3305.0652048339066,3297.5283396541527,3297.5283786421946,568841.4193367946,487267.6272374773,483839.34971749276,1.5384615384615385,19.17800556490168,1.999337919790567,1.0199933791979057,0.8082199443509832,4.837665827611939
2pct,1.02,ptx_runtime,random_forest,65,14.034911771918646,2.032627940185816,1.0203262794018582,0.8596508822808135,13.424808894374184,1.9999999791517231,True,0.032627940185814275,3232.870959453132,3298.5831978451297,3297.5283779681968,3297.5283786421946,568841.4193367946,489005.02801074577,492475.54587878427,1.5384615384615385,19.17800556490168,1.999337919790567,1.0199933791979057,0.8082199443509832,5.143093792983036
2pct,1.02,ptx_runtime,extra_trees,65,14.396248695036284,2.0505226185820735,1.0205052261858207,0.8560375130496372,14.663147497656126,1.9999998255284979,True,0.05052261858207174,3232.870959453133,3299.1617097062904,3297.5283730017572,3297.5283786421955,568841.4193367946,486949.5939286955,485431.36299167987,0.0,19.17800556490168,1.999337919790567,1.0199933791979057,0.8082199443509832,4.781756869865397
2pct,1.02,ptx_runtime,xgboost,65,16.857510056546555,2.1050545687296474,1.0210505456872965,0.8314248994345345,16.34722175480421,1.9999997343058906,True,0.10505456872964558,3232.870959453133,3300.924657286235,3297.528370052648,3297.5283786421955,568841.4193367946,472948.91986629233,475851.65108463314,0.0,19.17800556490168,1.999337919790567,1.0199933791979057,0.8082199443509832,2.320495508355126
2pct,1.02,launch_runtime,random_forest,65,13.976203721586034,2.0267233263121742,1.0202672332631217,0.8602379627841397,13.702274708210194,1.9999991958563612,True,0.026723326312172446,3232.870959453132,3298.3923092979408,3297.5283526452686,3297.5283786421946,568841.4193367948,489338.9837175228,490897.20540518523,3.076923076923077,19.17800556490168,1.999337919790567,1.0199933791979057,0.8082199443509832,5.201801843315648
2pct,1.02,launch_runtime,extra_trees,65,14.233083678458646,2.016093705471489,1.020160937054715,0.8576691632154135,14.76074446690795,1.9999996462925829,True,0.01609370547148714,3232.8709594531324,3298.0486673726828,3297.528367207291,3297.528378642195,568841.4193367948,487877.7441248569,484876.1910065582,7.6923076923076925,19.17800556490168,1.999337919790567,1.0199933791979057,0.8082199443509832,4.944921886443035
2pct,1.02,launch_runtime,xgboost,65,14.527236763355312,2.0765860559939675,1.0207658605599397,0.8547276323664469,14.811851560207822,1.9999999448552463,True,0.07658605599396573,3232.870959453133,3300.004307005415,3297.528376859437,3297.5283786421955,568841.4193367946,486204.47954170767,484585.4726916493,0.0,19.17800556490168,1.999337919790567,1.0199933791979057,0.8082199443509832,4.65076880154637
2pct,1.02,ptx_launch_runtime,random_forest,65,14.046818039550635,2.032424731975868,1.0203242473197587,0.8595318196044937,13.374061670947556,1.9999999738325336,True,0.03242473197586637,3232.870959453132,3298.576628385923,3297.5283777962345,3297.5283786421946,568841.4193367946,488937.3002289579,492764.2171047983,1.5384615384615385,19.17800556490168,1.999337919790567,1.0199933791979057,0.8082199443509832,5.131187525351047
2pct,1.02,ptx_launch_runtime,extra_trees,65,14.40650353541808,2.058032073908622,1.0205803207390862,0.8559349646458192,14.773515428246931,1.9999999601391982,True,0.05803207390862042,3232.870959453133,3299.4044807067557,3297.528377353547,3297.5283786421955,568841.4193367946,486891.2601491169,484803.5444888145,0.0,19.17800556490168,1.999337919790567,1.0199933791979057,0.8082199443509832,4.771502029483601
2pct,1.02,ptx_launch_runtime,xgboost,65,15.853462975401744,1.6741946312739175,1.0167419463127392,0.8414653702459826,15.580561151656136,1.9999999445786676,False,0.0,3232.870959453133,3286.995511492311,3297.528376850495,3297.5283786421955,568841.4193367946,478660.3555334861,480212.7341410766,0.0,19.17800556490168,1.999337919790567,1.0199933791979057,0.8082199443509832,3.324542589499938
5pct,1.05,ptx,random_forest,65,15.157049641976549,6.810943861761221,1.0681094386176122,0.8484295035802345,16.127813920704128,4.999940061863639,True,1.8109438617612161,3232.870959453133,3453.0599856246668,3394.5125697031854,3394.51450742579,568841.4193367946,482621.84302379267,477099.7337222641,0.0,20.08970929678616,2.93751938892739,1.029375193889274,0.7991029070321384,4.932659654809612
5pct,1.05,ptx,extra_trees,65,15.022039982820623,6.7776192802098345,1.0677761928020983,0.8497796001717938,16.602760543222917,4.99997874062299,True,1.77761928020983,3232.870959453133,3451.982644905333,3394.513820137564,3394.51450742579,568841.4193367946,483389.83388517704,474398.0406136361,0.0,20.08970929678616,2.93751938892739,1.029375193889274,0.7991029070321384,5.067669313965538
5pct,1.05,ptx,xgboost,65,14.902442326654208,6.894510671380183,1.0689451067138018,0.8509755767334579,16.2172107697627,4.967617521972634,True,1.8945106713801785,3232.870959453133,3455.76159274458,3393.467623697691,3394.51450742579,568841.4193367946,484070.1548900076,476591.207417237,0.0,20.08970929678616,2.93751938892739,1.029375193889274,0.7991029070321384,5.187266970131953
5pct,1.05,launch,random_forest,65,15.40143988890823,7.034953292957868,1.0703495329295787,0.8459856011109177,13.982709461570364,4.913727037404092,True,2.034953292957864,3232.870959453133,3460.3019214722594,3391.725413872167,3394.51450742579,568841.4193367946,481231.6500744258,489301.9763738575,0.0,20.08970929678616,2.93751938892739,1.029375193889274,0.7991029070321384,4.688269407877931
5pct,1.05,launch,extra_trees,65,15.50650947095422,7.020445581974655,1.0702044558197465,0.8449349052904578,14.537987129881314,4.99999339186139,True,2.0204455819746503,3232.870959453133,3459.832905897002,3394.5142937931955,3394.51450742579,568841.4193367946,480633.9707726242,486143.32700417726,0.0,20.08970929678616,2.93751938892739,1.029375193889274,0.7991029070321384,4.58319982583194
5pct,1.05,launch,xgboost,65,15.50659777582224,7.09871407979461,1.070987140797946,0.8449340222417776,14.39007244582945,4.457477382302599,True,2.098714079794606,3232.870959453133,3462.3632254334234,3376.9754512697855,3394.51450742579,568841.4193367946,480633.4684579596,486984.7269923454,0.0,20.08970929678616,2.93751938892739,1.029375193889274,0.7991029070321384,4.5831115209639215
5pct,1.05,runtime,random_forest,65,17.471592011434854,3.0000890260978075,1.030000890260978,0.8252840798856514,16.356136186973647,3.9752205009121244,False,0.0,3232.870959453133,3329.8599663355894,3361.384708601348,3394.51450742579,568841.4193367946,469455.7673582146,475800.94210215466,0.0,20.08970929678616,2.93751938892739,1.029375193889274,0.7991029070321384,2.618117285351307
5pct,1.05,runtime,extra_trees,65,17.583319240585805,3.0163295190204664,1.0301632951902047,0.824166807594142,17.167809382345943,3.7012557846145766,False,0.0,3232.870959453133,3330.385000514958,3352.5277828490166,3394.51450742579,568841.4193367946,468820.21660212666,471183.8087772226,0.0,20.08970929678616,2.93751938892739,1.029375193889274,0.7991029070321384,2.506390056200356
5pct,1.05,runtime,xgboost,65,17.468616808572925,2.937631840925725,1.0293763184092573,0.8253138319142708,16.73140197353421,3.668202880810867,False,0.0,3232.870959453133,3327.840806134069,3351.459225120691,3394.51450742579,568841.4193367946,469472.69154440257,473666.2748755982,0.0,20.08970929678616,2.93751938892739,1.029375193889274,0.7991029070321384,2.621092488213236
5pct,1.05,ptx_launch,random_forest,65,15.084198569176388,6.986427207392976,1.0698642720739298,0.8491580143082361,15.658397070043417,4.982386272630834,True,1.9864272073929712,3232.870959453133,3458.733135744273,3393.9450783487946,3394.51450742579,568841.4193367946,483036.2501003112,479769.9711981686,0.0,20.08970929678616,2.93751938892739,1.029375193889274,0.7991029070321384,5.005510727609773
5pct,1.05,ptx_launch,extra_trees,65,14.868188075388789,6.500744975030814,1.0650074497503081,0.8513181192461121,16.489325973408732,4.999998775647785,True,1.50074497503081,3232.870959453133,3443.0316558990125,3394.514467844062,3394.51450742579,568841.4193367946,484265.00725908903,475043.3034305857,0.0,20.08970929678616,2.93751938892739,1.029375193889274,0.7991029070321384,5.2215212213973725
5pct,1.05,ptx_launch,xgboost,65,14.638735951830872,6.408931913214144,1.0640893191321414,0.8536126404816913,16.85139194165558,4.9999996310485795,True,1.4089319132141398,3232.870959453132,3440.0634580865562,3394.514495498065,3394.514507425789,568841.4193367946,485570.2259754343,472983.7222378748,1.5384615384615385,20.08970929678616,2.93751938892739,1.029375193889274,0.7991029070321384,5.450973344955289
5pct,1.05,ptx_runtime,random_forest,65,17.49420119242078,2.887589041634886,1.0288758904163489,0.8250579880757922,15.960080005268672,4.016125759676625,False,0.0,3232.870959453133,3326.2229870084984,3362.707122832835,3394.51450742579,568841.4193367946,469327.15697219386,478053.8737075364,0.0,20.08970929678616,2.93751938892739,1.029375193889274,0.7991029070321384,2.5955081043653827
5pct,1.05,ptx_runtime,extra_trees,65,17.607067734601543,2.8999821156195926,1.028999821156196,0.8239293226539846,17.083337003882583,3.925343395012959,False,0.0,3232.870959453133,3326.6236390983336,3359.772246129319,3394.51450742579,568841.4193367946,468685.1253316964,471664.3226538211,0.0,20.08970929678616,2.93751938892739,1.029375193889274,0.7991029070321384,2.482641562184618
5pct,1.05,ptx_runtime,xgboost,65,17.161865855430747,6.0608032016312485,1.0606080320163125,0.8283813414456925,17.44140031358814,4.999999560370316,True,1.060803201631244,3232.870959453133,3428.808906068275,3394.514493213129,3394.51450742579,568841.4193367946,471217.6180200857,469627.51024076773,0.0,20.08970929678616,2.93751938892739,1.029375193889274,0.7991029070321384,2.9278434413554137
5pct,1.05,launch_runtime,random_forest,65,17.471526512587243,3.0000914901326725,1.0300009149013267,0.8252847348741276,16.31786636927246,3.9203635770671763,False,0.0,3232.870959453133,3329.860045994657,3359.611255041116,3394.51450742579,568841.4193367946,469456.139942789,476018.6366763437,0.0,20.08970929678616,2.93751938892739,1.029375193889274,0.7991029070321384,2.6181827841989183
5pct,1.05,launch_runtime,extra_trees,65,17.584464239409403,3.0063151621543716,1.0300631516215437,0.824155357605906,17.301093344730965,3.68549605146693,False,0.0,3232.870959453133,3330.061249280058,3352.018291012799,3394.51450742579,568841.4193367946,468813.7033745671,470425.6343938433,0.0,20.08970929678616,2.93751938892739,1.029375193889274,0.7991029070321384,2.505245057376758
5pct,1.05,launch_runtime,xgboost,65,17.481184405653128,2.943974346500622,1.0294397434650062,0.8251881559434687,16.753724430438687,3.3086148748728172,False,0.0,3232.870959453133,3328.045851154902,3339.8342089030425,3394.51450742579,568841.4193367946,469401.201846795,473539.2954949119,0.0,20.08970929678616,2.93751938892739,1.029375193889274,0.7991029070321384,2.608524891133033
5pct,1.05,ptx_launch_runtime,random_forest,65,17.476320543813628,3.009982961952118,1.0300998296195212,0.8252367945618637,15.915379076587977,4.0787287211179635,False,0.0,3232.870959453133,3330.17982451457,3364.7309957930297,3394.51450742579,568841.4193367946,469428.8695075174,478308.15110470034,0.0,20.08970929678616,2.93751938892739,1.029375193889274,0.7991029070321384,2.613388752972533
5pct,1.05,ptx_launch_runtime,extra_trees,65,17.584789565684744,3.0129070860799523,1.0301290708607995,0.8241521043431526,17.21986752956631,3.931926472454661,False,0.0,3232.870959453133,3330.2743576743173,3359.9850685281694,3394.51450742579,568841.4193367946,468811.852783965,470887.68047369376,0.0,20.08970929678616,2.93751938892739,1.029375193889274,0.7991029070321384,2.504919731101417
5pct,1.05,ptx_launch_runtime,xgboost,65,17.469978799764498,2.9427463079291893,1.029427463079292,0.825300212002355,16.88390994605591,3.1954649563256776,False,0.0,3232.870959453133,3328.0061502525546,3336.176218045687,3394.51450742579,568841.4193367946,469464.9439743772,472798.74636010395,0.0,20.08970929678616,2.93751938892739,1.029375193889274,0.7991029070321384,2.6197304970216635
